{
    "1823": [{
        "war": "Franco-Spanish",
        "color": "steelblue",
        "attributes": [
            { "country": "FRA", "latitude": 46.18700581, "longitude": 2.53618475, "deaths": 400, "color": "steelblue" },
            { "country": "ESP", "latitude": 40.24448626, "longitude": -3.64754874, "deaths": 600, "color": "steelblue" }
        ]
    }],
    "1828": [{
        "war": "First Russian-Turkish",
        "color": "steelblue",
        "attributes": [
            { "country": "RUS", "latitude": 61.98052168, "longitude": 96.68657347, "deaths": 50000, "color": "steelblue" },
            { "country": "TUR", "latitude": 39.06160342, "longitude": 35.16895529, "deaths": 80000, "color": "steelblue" }
        ]
    }],
    "1829": [{
        "war": "First Russian-Turkish",
        "color": "steelblue",
        "attributes": [
            { "country": "RUS", "latitude": 61.98052168, "longitude": 96.68657347, "deaths": 50000, "color": "steelblue" },
            { "country": "TUR", "latitude": 39.06160342, "longitude": 35.16895529, "deaths": 80000, "color": "steelblue" }
        ]
    }],
    "1846": [{
        "war": "Mexican-American",
        "color": "steelblue",
        "attributes": [
            { "country": "MEX", "latitude": 31.4911, "longitude": -99.358, "deaths": 13283, "color": "steelblue" },
            { "country": "USA", "latitude": 23.94753932, "longitude": -102.5234504, "deaths": 6000, "color": "steelblue" }
        ]
    }],
    "1847": [{
        "war": "Mexican-American",
        "color": "steelblue",
        "attributes": [
            { "country": "MEX", "latitude": 31.4911, "longitude": -99.358, "deaths": 13283, "color": "steelblue" },
            { "country": "USA", "latitude": 23.94753932, "longitude": -102.5234504, "deaths": 6000, "color": "steelblue" }
        ]
    }],
    "1848": [{
            "war": "Austro-Sardinian",
            "color": "steelblue",
            "attributes": [
                { "country": "AUT", "latitude": 48.210033, "longitude": 16.363449, "deaths": 13283, "color": "steelblue" },
                { "country": "ITA", "latitude": 42.79663568, "longitude": 12.07000946, "deaths": 7527, "color": "steelblue" }
            ]
        },
        {
            "war": "First Schleswig-Holstein",
            "color": "red",
            "attributes": [
                { "country": "DNK", "latitude": 55.98126391, "longitude": 10.02799418, "deaths": 3500, "color": "red" },
                { "country": "DEU", "latitude": 51.10697903, "longitude": 10.38577693, "deaths": 2500, "color": "red" }
            ]
        }
    ],
    "1849": [{
        "war": "Roman Republic",
        "color": "steelblue",
        "attributes": [
            { "country": "FRA", "latitude": 46.18700581, "longitude": 2.53618475, "deaths": 100, "color": "steelblue" },
            { "country": "AUT", "latitude": 48.210033, "longitude": 16.363449, "deaths": 100, "color": "steelblue" },
            { "country": "VAT", "latitude": 41.90174097, "longitude": 12.43386255, "deaths": 1400, "color": "steelblue" }
        ]
    }],
    "1853": [{
        "war": "La Plata",
        "color": "steelblue",
        "attributes": [
            { "country": "BRA", "latitude": -10.78777567, "longitude": -53.09783199, "deaths": 500, "color": "steelblue" },
            { "country": "ARG", "latitude": -35.38135347, "longitude": -65.17980881, "deaths": 800, "color": "steelblue" }
        ]
    }],
    "1854": [{
        "war": "Crimean",
        "color": "steelblue",
        "attributes": [
            { "country": "FRA", "latitude": 46.18700581, "longitude": 2.53618475, "deaths": 95000, "color": "steelblue" },
            { "country": "ITA", "latitude": 42.79663568, "longitude": 12.07000946, "deaths": 2200, "color": "steelblue" },
            { "country": "GBR", "latitude": 54.12387156, "longitude": -2.86563362, "deaths": 22000, "color": "steelblue" },
            { "country": "TUR", "latitude": 39.06160342, "longitude": 35.16895529, "deaths": 45000, "color": "steelblue" },
            { "country": "RUS", "latitude": 61.98052168, "longitude": 96.68657347, "deaths": 100000, "color": "steelblue" }
        ]
    }],
    "1855": [{
        "war": "Crimean",
        "color": "steelblue",
        "attributes": [
            { "country": "FRA", "latitude": 46.18700581, "longitude": 2.53618475, "deaths": 95000, "color": "steelblue" },
            { "country": "ITA", "latitude": 42.79663568, "longitude": 12.07000946, "deaths": 2200, "color": "steelblue" },
            { "country": "GBR", "latitude": 54.12387156, "longitude": -2.86563362, "deaths": 22000, "color": "steelblue" },
            { "country": "TUR", "latitude": 39.06160342, "longitude": 35.16895529, "deaths": 45000, "color": "steelblue" },
            { "country": "RUS", "latitude": 61.98052168, "longitude": 96.68657347, "deaths": 100000, "color": "steelblue" }
        ]
    }],
    "1856": [{
            "war": "Crimean",
            "color": "steelblue",
            "attributes": [
                { "country": "FRA", "latitude": 46.18700581, "longitude": 2.53618475, "deaths": 95000, "color": "steelblue" },
                { "country": "ITA", "latitude": 42.79663568, "longitude": 12.07000946, "deaths": 2200, "color": "steelblue" },
                { "country": "GBR", "latitude": 54.12387156, "longitude": -2.86563362, "deaths": 22000, "color": "steelblue" },
                { "country": "TUR", "latitude": 39.06160342, "longitude": 35.16895529, "deaths": 45000, "color": "steelblue" },
                { "country": "RUS", "latitude": 61.98052168, "longitude": 96.68657347, "deaths": 100000, "color": "steelblue" }
            ]
        },
        {
            "war": "Anglo-Persian",
            "color": "red",
            "attributes": [
                { "country": "GBR", "latitude": 56.12387156, "longitude": -2.86563362, "deaths": 500, "color": "red" },
                { "country": "IRN", "latitude": 32.57503287, "longitude": 54.27407071, "deaths": 1500, "color": "red" }
            ]
        }
    ],
    "1859": [{
            "war": "Italian Unification",
            "color": "steelblue",
            "attributes": [
                { "country": "FRA", "latitude": 46.18700581, "longitude": 2.53618475, "deaths": 7500, "color": "steelblue" },
                { "country": "ITA", "latitude": 42.79663568, "longitude": 12.07000946, "deaths": 2500, "color": "steelblue" },
                { "country": "AUT", "latitude": 41.24448626, "longitude": -3.64754874, "deaths": 10000, "color": "steelblue" }
            ]
        },
        {
            "war": "First Spanish-Moroccan",
            "color": "red",
            "attributes": [
                { "country": "ESP", "latitude": 38.24448626, "longitude": -3.64754874, "deaths": 4000, "color": "red" },
                { "country": "MAR", "latitude": 29.83762793, "longitude": -8.45616045, "deaths": 10000, "color": "red" }
            ]
        }
    ],
    "1860": [{
        "war": "Italian-Roman",
        "color": "steelblue",
        "attributes": [
            { "country": "ITA", "latitude": 42.79663568, "longitude": 12.07000946, "deaths": 300, "color": "steelblue" },
            { "country": "VAT", "latitude": 41.90174097, "longitude": 12.43386255, "deaths": 700, "color": "steelblue" }
        ]
    }, {
        "war": "Neapolitan",
        "color": "red",
        "attributes": [
            { "country": "ITA", "latitude": 42.79663568, "longitude": 12.07000946, "deaths": 1000, "color": "red" }
        ]
    }],
    "1862": [{
        "war": "Franco-Mexican",
        "color": "steelblue",
        "attributes": [
            { "country": "MEX", "latitude": 23.94753932, "longitude": -102.5234504, "deaths": 12000, "color": "steelblue" },
            { "country": "FRA", "latitude": 46.18700581, "longitude": 2.53618475, "deaths": 8000, "color": "steelblue" }
        ]
    }],
    "1863": [{
            "war": "Franco-Mexican",
            "color": "steelblue",
            "attributes": [
                { "country": "MEX", "latitude": 23.94753932, "longitude": -102.5234504, "deaths": 12000, "color": "steelblue" },
                { "country": "FRA", "latitude": 46.18700581, "longitude": 2.53618475, "deaths": 8000, "color": "steelblue" }
            ]
        },
        {
            "war": "Ecuadorian-Colombian",
            "color": "red",
            "attributes": [
                { "country": "ECU", "latitude": -1.42381949, "longitude": -78.75203573, "deaths": 700, "color": "red" },
                { "country": "COL", "latitude": 3.91383156, "longitude": -73.08114936, "deaths": 300, "color": "red" }
            ]
        }
    ],
    "1864": [{
            "war": "Franco-Mexican",
            "color": "steelblue",
            "attributes": [
                { "country": "MEX", "latitude": 23.94753932, "longitude": -102.5234504, "deaths": 12000, "color": "steelblue" },
                { "country": "FRA", "latitude": 46.18700581, "longitude": 2.53618475, "deaths": 8000, "color": "steelblue" }
            ]
        },
        {
            "war": "Second Schleswig-Holsteinn",
            "color": "red",
            "attributes": [
                { "country": "DEU", "latitude": 51.10697903, "longitude": 10.38577693, "deaths": 1048, "color": "red" },
                { "country": "AUT", "latitude": 41.24448626, "longitude": -3.64754874, "deaths": 10000, "color": "red" },
                { "country": "DNK", "latitude": 55.98126391, "longitude": 10.02799418, "deaths": 2933, "color": "red" }
            ]
        },
        {
            "war": "Lopez",
            "color": "green",
            "attributes": [
                { "country": "PRY", "latitude": -23.22823896, "longitude": -58.40014084, "deaths": 200000, "color": "green" },
                { "country": "BRA", "latitude": -10.78777567, "longitude": -53.09783199, "deaths": 100000, "color": "green" }
            ]
        }
    ],
    "1865": [{
            "war": "Franco-Mexican",
            "color": "steelblue",
            "attributes": [
                { "country": "MEX", "latitude": 23.94753932, "longitude": -102.5234504, "deaths": 12000, "color": "steelblue" },
                { "country": "FRA", "latitude": 46.18700581, "longitude": 2.53618475, "deaths": 8000, "color": "steelblue" }
            ]
        },
        {
            "war": "Naval War",
            "color": "red",
            "attributes": [
                { "country": "CHL", "latitude": -37.73069754, "longitude": -71.38255879, "deaths": 100, "color": "red" },
                { "country": "ESP", "latitude": 40.24448626, "longitude": -3.64754874, "deaths": 300, "color": "red" }

            ]
        },
        {
            "war": "Lopez",
            "color": "green",
            "attributes": [
                { "country": "PRY", "latitude": -23.22823896, "longitude": -58.40014084, "deaths": 200000, "color": "green" },
                { "country": "BRA", "latitude": -10.78777567, "longitude": -53.09783199, "deaths": 100000, "color": "green" },
                { "country": "ARG", "latitude": -35.38135347, "longitude": -65.17980881, "deaths": 10000, "color": "green" }

            ]
        }
    ],
    "1866": [{
            "war": "Franco-Mexican",
            "color": "steelblue",
            "attributes": [
                { "country": "MEX", "latitude": 23.94753932, "longitude": -102.5234504, "deaths": 12000, "color": "steelblue" },
                { "country": "FRA", "latitude": 46.18700581, "longitude": 2.53618475, "deaths": 8000, "color": "steelblue" }
            ]
        },
        {
            "war": "Naval War",
            "color": "red",
            "attributes": [
                { "country": "PER", "latitude": -9.15280281, "longitude": -74.38242889, "deaths": 600, "color": "red" },
                { "country": "CHL", "latitude": -37.73069754, "longitude": -71.38255879, "deaths": 100, "color": "red" },
                { "country": "ESP", "latitude": 40.24448626, "longitude": -3.64754874, "deaths": 300, "color": "red" }

            ]
        },
        {
            "war": "Lopez",
            "color": "green",
            "attributes": [
                { "country": "PRY", "latitude": -23.22823896, "longitude": -58.40014084, "deaths": 200000, "color": "green" },
                { "country": "BRA", "latitude": -10.78777567, "longitude": -53.09783199, "deaths": 100000, "color": "green" },
                { "country": "ARG", "latitude": -35.38135347, "longitude": -65.17980881, "deaths": 10000, "color": "green" }

            ]
        },
        {
            "war": "Seven Weeks",
            "color": "brown",
            "attributes": [
                { "country": "DEU", "latitude": 51.10697903, "longitude": 10.38577693, "deaths": 10000, "color": "brown" },
                { "country": "ITA", "latitude": 42.79663568, "longitude": 12.07000946, "deaths": 4000, "color": "brown" },
                { "country": "AUT", "latitude": 49.13861, "longitude": 15.763035, "deaths": 28000, "color": "brown" }

            ]
        }
    ],
    "1867": [{
            "war": "Franco-Mexican",
            "color": "steelblue",
            "attributes": [
                { "country": "MEX", "latitude": 23.94753932, "longitude": -102.5234504, "deaths": 12000, "color": "steelblue" },
                { "country": "FRA", "latitude": 46.18700581, "longitude": 2.53618475, "deaths": 8000, "color": "steelblue" }
            ]
        },
        {
            "war": "Lopez",
            "color": "green",
            "attributes": [
                { "country": "PRY", "latitude": -23.22823896, "longitude": -58.40014084, "deaths": 200000, "color": "green" },
                { "country": "BRA", "latitude": -10.78777567, "longitude": -53.09783199, "deaths": 100000, "color": "green" },
                { "country": "ARG", "latitude": -35.38135347, "longitude": -65.17980881, "deaths": 10000, "color": "green" }

            ]
        }
    ],
    "1868": [{
            "war": "Franco-Mexican",
            "color": "steelblue",
            "attributes": [
                { "country": "MEX", "latitude": 23.94753932, "longitude": -102.5234504, "deaths": 12000, "color": "steelblue" },
                { "country": "FRA", "latitude": 46.18700581, "longitude": 2.53618475, "deaths": 8000, "color": "steelblue" }
            ]
        },
        {
            "war": "Lopez",
            "color": "green",
            "attributes": [
                { "country": "PRY", "latitude": -23.22823896, "longitude": -58.40014084, "deaths": 200000, "color": "green" },
                { "country": "BRA", "latitude": -10.78777567, "longitude": -53.09783199, "deaths": 100000, "color": "green" },
                { "country": "ARG", "latitude": -35.38135347, "longitude": -65.17980881, "deaths": 10000, "color": "green" }

            ]
        }
    ],
    "1869": [{
            "war": "Franco-Mexican",
            "color": "steelblue",
            "attributes": [
                { "country": "MEX", "latitude": 23.94753932, "longitude": -102.5234504, "deaths": 12000, "color": "steelblue" },
                { "country": "FRA", "latitude": 46.18700581, "longitude": 2.53618475, "deaths": 8000, "color": "steelblue" }
            ]
        },
        {
            "war": "Lopez",
            "color": "green",
            "attributes": [
                { "country": "PRY", "latitude": -23.22823896, "longitude": -58.40014084, "deaths": 200000, "color": "green" },
                { "country": "BRA", "latitude": -10.78777567, "longitude": -53.09783199, "deaths": 100000, "color": "green" },
                { "country": "ARG", "latitude": -35.38135347, "longitude": -65.17980881, "deaths": 10000, "color": "green" }

            ]
        }
    ],
    "1870": [{
            "war": "Franco-Mexican",
            "color": "steelblue",
            "attributes": [
                { "country": "MEX", "latitude": 23.94753932, "longitude": -102.5234504, "deaths": 12000, "color": "steelblue" },
                { "country": "FRA", "latitude": 46.18700581, "longitude": 2.53618475, "deaths": 8000, "color": "steelblue" }
            ]
        },
        {
            "war": "Franco-Prussian",
            "color": "red",
            "attributes": [
                { "country": "DEU", "latitude": 51.10697903, "longitude": 10.38577693, "deaths": 44781, "color": "red" },
                { "country": "FRA", "latitude": 48.18700581, "longitude": 2.53618475, "deaths": 152000, "color": "red" }
            ]
        },
        {
            "war": "Lopez",
            "color": "green",
            "attributes": [
                { "country": "PRY", "latitude": -23.22823896, "longitude": -58.40014084, "deaths": 200000, "color": "green" },
                { "country": "BRA", "latitude": -10.78777567, "longitude": -53.09783199, "deaths": 100000, "color": "green" },
                { "country": "ARG", "latitude": -35.38135347, "longitude": -65.17980881, "deaths": 10000, "color": "green" }


            ]
        }
    ],
    "1871": [{
        "war": "Franco-Prussian",
        "color": "red",
        "attributes": [
            { "country": "DEU", "latitude": 51.10697903, "longitude": 10.38577693, "deaths": 44781, "color": "red" },
            { "country": "FRA", "latitude": 48.18700581, "longitude": 2.53618475, "deaths": 152000, "color": "red" }
        ]
    }],
    "1876": [{
        "war": "First Central American",
        "color": "steelblue",
        "attributes": [
            { "country": "SLV", "latitude": 13.73944008, "longitude": -88.87164456, "deaths": 2000, "color": "steelblue" },
            { "country": "GTM", "latitude": 15.69404158, "longitude": -90.36482288, "deaths": 2000, "color": "steelblue" }
        ]
    }],
    "1877": [{
        "war": "Second Russo-Turkish",
        "color": "steelblue",
        "attributes": [
            { "country": "RUS", "latitude": 61.98052168, "longitude": 96.68657347, "deaths": 120000, "color": "steelblue" },
            { "country": "TUR", "latitude": 39.06160342, "longitude": 35.16895529, "deaths": 165000, "color": "steelblue" }
        ]
    }],
    "1878": [{
        "war": "Second Russo-Turkish",
        "color": "steelblue",
        "attributes": [
            { "country": "RUS", "latitude": 61.98052168, "longitude": 96.68657347, "deaths": 120000, "color": "steelblue" },
            { "country": "TUR", "latitude": 39.06160342, "longitude": 35.16895529, "deaths": 165000, "color": "steelblue" }
        ]
    }],
    "1879": [{
        "war": "War of the Pacific",
        "color": "steelblue",
        "attributes": [
            { "country": "PER", "latitude": -9.15280281, "longitude": -74.38242889, "deaths": 9672, "color": "steelblue" },
            { "country": "BOL", "latitude": -16.70814536, "longitude": -64.6853892, "deaths": 920, "color": "steelblue" },
            { "country": "CHL", "latitude": -37.73069754, "longitude": -71.38255879, "deaths": 3276, "color": "steelblue" }
        ]
    }],
    "1882": [{
        "war": "Conquest of Egypt",
        "color": "steelblue",
        "attributes": [
            { "country": "EGY", "latitude": 26.49593108, "longitude": 29.8618993, "deaths": 1000, "color": "steelblue" },
            { "country": "GBR", "latitude": 54.12387156, "longitude": -2.86563362, "deaths": 79, "color": "steelblue" }
        ]
    }],
    "1884": [{
        "war": "Sino-French",
        "color": "steelblue",
        "attributes": [
            { "country": "CHN", "latitude": 36.56176801, "longitude": 103.8190739, "deaths": 10000, "color": "steelblue" },
            { "country": "FRA", "latitude": 46.18700581, "longitude": 2.53618475, "deaths": 2100, "color": "steelblue" }
        ]
    }],
    "1885": [{
        "war": "Second Central American",
        "color": "steelblue",
        "attributes": [
            { "country": "GTM", "latitude": 15.69404158, "longitude": -90.36482288, "deaths": 800, "color": "steelblue" },
            { "country": "SLV", "latitude": 13.73944008, "longitude": -88.87164456, "deaths": 200, "color": "steelblue" }
        ]
    }],
    "1894": [{
        "war": "First Sino-Japanese",
        "color": "steelblue",
        "attributes": [
            { "country": "CHN", "latitude": 36.56176801, "longitude": 103.8190739, "deaths": 10000, "color": "steelblue" },
            { "country": "JPN", "latitude": 37.59230065, "longitude": 138.0308921, "deaths": 200, "color": "steelblue" }
        ]
    }],
    "1897": [{
        "war": "Greco-Turkish",
        "color": "steelblue",
        "attributes": [
            { "country": "TUR", "latitude": 39.06160342, "longitude": 35.16895529, "deaths": 1400, "color": "steelblue" },
            { "country": "GRC", "latitude": 39.07466973, "longitude": 22.95556207, "deaths": 600, "color": "steelblue" }
        ]
    }],
    "1898": [{
        "war": "Spanish-American",
        "color": "steelblue",
        "attributes": [
            { "country": "USA", "latitude": 45.67955203, "longitude": -112.4616706, "deaths": 2910, "color": "steelblue" },
            { "country": "ESP", "latitude": 40.24448626, "longitude": -3.64754874, "deaths": 775, "color": "steelblue" }
        ]
    }],
    "1900": [{
            "war": "Boxer Rebellion",
            "color": "steelblue",
            "attributes": [
                { "country": "FRA", "latitude": 46.18700581, "longitude": 2.53618475, "deaths": 24, "color": "steelblue" },
                { "country": "GBR", "latitude": 54.12387156, "longitude": -2.86563362, "deaths": 34, "color": "steelblue" },
                { "country": "JPN", "latitude": 37.59230065, "longitude": 138.0308921, "deaths": 622, "color": "steelblue" },
                { "country": "CHN", "latitude": 36.56176801, "longitude": 103.8190739, "deaths": 2000, "color": "steelblue" },
                { "country": "RUS", "latitude": 61.98052168, "longitude": 96.68657347, "deaths": 302, "color": "steelblue" },
                { "country": "USA", "latitude": 45.67955203, "longitude": -112.4616706, "deaths": 21, "color": "steelblue" }
            ]
        },
        {
            "war": "Sino-Russian",
            "color": "red",
            "attributes": [
                { "country": "RUS", "latitude": 63.98052168, "longitude": 96.68657347, "deaths": 242, "color": "red" },
                { "country": "CHN", "latitude": 38.56176801, "longitude": 103.8190739, "deaths": 3758, "color": "red" }
            ]
        }
    ],
    "1904": [{
        "war": "Russion-Japanese",
        "color": "red",
        "attributes": [
            { "country": "RUS", "latitude": 63.98052168, "longitude": 96.68657347, "deaths": 71458, "color": "steelblue" },
            { "country": "JPN", "latitude": 38.56176801, "longitude": 103.8190739, "deaths": 80378, "color": "steelblue" }
        ]
    }],
    "1906": [{
        "war": "Third Central American",
        "color": "steelblue",
        "attributes": [
            { "country": "HND", "latitude": 14.82688225, "longitude": -86.61516846, "deaths": 300, "color": "steelblue" },
            { "country": "SLV", "latitude": 13.73944008, "longitude": -88.87164456, "deaths": 300, "color": "steelblue" },
            { "country": "GTM", "latitude": 15.69404158, "longitude": -90.36482288, "deaths": 400, "color": "steelblue" },
            { "country": "NIC", "latitude": 12.84709633, "longitude": -85.03052894, "deaths": 400, "color": "steelblue" }
        ]
    }],
    "1907": [{
        "war": "Fourth Central American",
        "color": "steelblue",
        "attributes": [
            { "country": "HND", "latitude": 14.82688225, "longitude": -86.61516846, "deaths": 300, "color": "steelblue" },
            { "country": "SLV", "latitude": 13.73944008, "longitude": -88.87164456, "deaths": 300, "color": "steelblue" },
            { "country": "NIC", "latitude": 12.84709633, "longitude": -85.03052894, "deaths": 400, "color": "steelblue" }
        ]
    }],
    "1909": [{
        "war": "Second Spanish-Moroccan",
        "color": "steelblue",
        "attributes": [
            { "country": "ESP", "latitude": 40.24448626, "longitude": -3.64754874, "deaths": 2000, "color": "steelblue" },
            { "country": "MAR", "latitude": 29.83762793, "longitude": -8.45616045, "deaths": 8000, "color": "steelblue" }
        ]
    }],
    "1910": [{
        "war": "Second Spanish-Moroccan",
        "color": "steelblue",
        "attributes": [
            { "country": "ESP", "latitude": 40.24448626, "longitude": -3.64754874, "deaths": 2000, "color": "steelblue" },
            { "country": "MAR", "latitude": 29.83762793, "longitude": -8.45616045, "deaths": 8000, "color": "steelblue" }
        ]
    }],
    "1911": [{
        "war": "Italian-Turkish",
        "color": "steelblue",
        "attributes": [
            { "country": "TUR", "latitude": 39.06160342, "longitude": 35.16895529, "deaths": 14000, "color": "steelblue" },
            { "country": "ITA", "latitude": 42.79663568, "longitude": 12.07000946, "deaths": 6000, "color": "steelblue" }
        ]
    }],
    "1912": [{
        "war": "First Balkan",
        "color": "steelblue",
        "attributes": [
            { "country": "YUG", "latitude": 44.82056, "longitude": 18.361296, "deaths": 15000, "color": "steelblue" },
            { "country": "BGR", "latitude": 42.76889988, "longitude": 25.21552327, "deaths": 32000, "color": "steelblue" },
            { "country": "TUR", "latitude": 39.06160342, "longitude": 35.16895529, "deaths": 30000, "color": "steelblue" },
            { "country": "GRC", "latitude": 39.07466973, "longitude": 22.95556207, "deaths": 5000, "color": "steelblue" }
        ]
    }],
    "1913": [{
        "war": "Second Balkan",
        "color": "steelblue",
        "attributes": [
            { "country": "ROU", "latitude": 45.85242939, "longitude": 24.97293286, "deaths": 1500, "color": "steelblue" },
            { "country": "YUG", "latitude": 44.82056, "longitude": 18.361296, "deaths": 18500, "color": "steelblue" },
            { "country": "BGR", "latitude": 42.76889988, "longitude": 25.21552327, "deaths": 18000, "color": "steelblue" },
            { "country": "TUR", "latitude": 39.06160342, "longitude": 35.16895529, "deaths": 20000, "color": "steelblue" },
            { "country": "GRC", "latitude": 39.07466973, "longitude": 22.95556207, "deaths": 2500, "color": "steelblue" }
        ]
    }],
    "1914": [{
        "war": "World War I",
        "color": "steelblue",
        "attributes": [
            { "country": "PRT", "latitude": 39.59550247, "longitude": -8.50105506, "deaths": 7222, "color": "steelblue" },
            { "country": "GBR", "latitude": 54.12387156, "longitude": -64.6853892, "deaths": 908371, "color": "steelblue" },
            { "country": "ROU", "latitude": 45.85242939, "longitude": 24.97293286, "deaths": 335706, "color": "steelblue" },
            { "country": "YUG", "latitude": 44.82056, "longitude": 18.361296, "deaths": 70000, "color": "steelblue" },
            { "country": "BGR", "latitude": 42.76889988, "longitude": 25.21552327, "deaths": 87500, "color": "steelblue" },
            { "country": "DEU", "latitude": 51.10697903, "longitude": 10.38577693, "deaths": 1773700, "color": "steelblue" },
            { "country": "BEL", "latitude": 50.63981435, "longitude": 4.64064572, "deaths": 13716, "color": "steelblue" },
            { "country": "RUS", "latitude": 61.98052168, "longitude": 96.68657347, "deaths": 1700000, "color": "steelblue" },
            { "country": "ITA", "latitude": 42.79663568, "longitude": 12.07000946, "deaths": 650000, "color": "steelblue" },
            { "country": "USA", "latitude": 38.895, "longitude": -102.4616706, "deaths": 116516, "color": "steelblue" },
            { "country": "TUR", "latitude": 39.06160342, "longitude": 35.16895529, "deaths": 325000, "color": "steelblue" },
            { "country": "JPN", "latitude": 37.59230065, "longitude": 138.0308921, "deaths": 300, "color": "steelblue" },
            { "country": "FRA", "latitude": 46.18700581, "longitude": 2.53618475, "deaths": 1385000, "color": "steelblue" },
            { "country": "AUT", "latitude": 50.8798, "longitude": 4.70052, "deaths": 1200000, "color": "steelblue" }
        ]
    }],
    "1915": [{
        "war": "World War I",
        "color": "steelblue",
        "attributes": [
            { "country": "PRT", "latitude": 39.59550247, "longitude": -8.50105506, "deaths": 7222, "color": "steelblue" },
            { "country": "GBR", "latitude": 54.12387156, "longitude": -64.6853892, "deaths": 908371, "color": "steelblue" },
            { "country": "ROU", "latitude": 45.85242939, "longitude": 24.97293286, "deaths": 335706, "color": "steelblue" },
            { "country": "YUG", "latitude": 44.82056, "longitude": 18.361296, "deaths": 70000, "color": "steelblue" },
            { "country": "BGR", "latitude": 42.76889988, "longitude": 25.21552327, "deaths": 87500, "color": "steelblue" },
            { "country": "DEU", "latitude": 51.10697903, "longitude": 10.38577693, "deaths": 1773700, "color": "steelblue" },
            { "country": "BEL", "latitude": 50.63981435, "longitude": 4.64064572, "deaths": 13716, "color": "steelblue" },
            { "country": "RUS", "latitude": 61.98052168, "longitude": 96.68657347, "deaths": 1700000, "color": "steelblue" },
            { "country": "ITA", "latitude": 42.79663568, "longitude": 12.07000946, "deaths": 650000, "color": "steelblue" },
            { "country": "USA", "latitude": 38.895, "longitude": -102.4616706, "deaths": 116516, "color": "steelblue" },
            { "country": "TUR", "latitude": 39.06160342, "longitude": 35.16895529, "deaths": 325000, "color": "steelblue" },
            { "country": "JPN", "latitude": 37.59230065, "longitude": 138.0308921, "deaths": 300, "color": "steelblue" },
            { "country": "FRA", "latitude": 46.18700581, "longitude": 2.53618475, "deaths": 1385000, "color": "steelblue" },
            { "country": "AUT", "latitude": 50.8798, "longitude": 4.70052, "deaths": 1200000, "color": "steelblue" }
        ]
    }],
    "1916": [{
        "war": "World War I",
        "color": "steelblue",
        "attributes": [
            { "country": "PRT", "latitude": 39.59550247, "longitude": -8.50105506, "deaths": 7222, "color": "steelblue" },
            { "country": "GBR", "latitude": 54.12387156, "longitude": -64.6853892, "deaths": 908371, "color": "steelblue" },
            { "country": "ROU", "latitude": 45.85242939, "longitude": 24.97293286, "deaths": 335706, "color": "steelblue" },
            { "country": "YUG", "latitude": 44.82056, "longitude": 18.361296, "deaths": 70000, "color": "steelblue" },
            { "country": "BGR", "latitude": 42.76889988, "longitude": 25.21552327, "deaths": 87500, "color": "steelblue" },
            { "country": "DEU", "latitude": 51.10697903, "longitude": 10.38577693, "deaths": 1773700, "color": "steelblue" },
            { "country": "BEL", "latitude": 50.63981435, "longitude": 4.64064572, "deaths": 13716, "color": "steelblue" },
            { "country": "RUS", "latitude": 61.98052168, "longitude": 96.68657347, "deaths": 1700000, "color": "steelblue" },
            { "country": "ITA", "latitude": 42.79663568, "longitude": 12.07000946, "deaths": 650000, "color": "steelblue" },
            { "country": "USA", "latitude": 38.895, "longitude": -102.4616706, "deaths": 116516, "color": "steelblue" },
            { "country": "TUR", "latitude": 39.06160342, "longitude": 35.16895529, "deaths": 325000, "color": "steelblue" },
            { "country": "JPN", "latitude": 37.59230065, "longitude": 138.0308921, "deaths": 300, "color": "steelblue" },
            { "country": "FRA", "latitude": 46.18700581, "longitude": 2.53618475, "deaths": 1385000, "color": "steelblue" },
            { "country": "AUT", "latitude": 50.8798, "longitude": 4.70052, "deaths": 1200000, "color": "steelblue" }
        ]
    }],
    "1917": [{
        "war": "World War I",
        "color": "steelblue",
        "attributes": [
            { "country": "PRT", "latitude": 39.59550247, "longitude": -8.50105506, "deaths": 7222, "color": "steelblue" },
            { "country": "GBR", "latitude": 54.12387156, "longitude": -64.6853892, "deaths": 908371, "color": "steelblue" },
            { "country": "ROU", "latitude": 45.85242939, "longitude": 24.97293286, "deaths": 335706, "color": "steelblue" },
            { "country": "YUG", "latitude": 44.82056, "longitude": 18.361296, "deaths": 70000, "color": "steelblue" },
            { "country": "BGR", "latitude": 42.76889988, "longitude": 25.21552327, "deaths": 87500, "color": "steelblue" },
            { "country": "DEU", "latitude": 51.10697903, "longitude": 10.38577693, "deaths": 1773700, "color": "steelblue" },
            { "country": "BEL", "latitude": 50.63981435, "longitude": 4.64064572, "deaths": 13716, "color": "steelblue" },
            { "country": "RUS", "latitude": 61.98052168, "longitude": 96.68657347, "deaths": 1700000, "color": "steelblue" },
            { "country": "ITA", "latitude": 42.79663568, "longitude": 12.07000946, "deaths": 650000, "color": "steelblue" },
            { "country": "USA", "latitude": 38.895, "longitude": -102.4616706, "deaths": 116516, "color": "steelblue" },
            { "country": "TUR", "latitude": 39.06160342, "longitude": 35.16895529, "deaths": 325000, "color": "steelblue" },
            { "country": "JPN", "latitude": 37.59230065, "longitude": 138.0308921, "deaths": 300, "color": "steelblue" },
            { "country": "FRA", "latitude": 46.18700581, "longitude": 2.53618475, "deaths": 1385000, "color": "steelblue" },
            { "country": "GRC", "latitude": 39.07466973, "longitude": 22.95556207, "deaths": 5000, "color": "steelblue" },
            { "country": "AUT", "latitude": 50.8798, "longitude": 4.70052, "deaths": 1200000, "color": "steelblue" }
        ]
    }],
    "1918": [{
            "war": "World War I",
            "color": "steelblue",
            "attributes": [
                { "country": "PRT", "latitude": 39.59550247, "longitude": -8.50105506, "deaths": 7222, "color": "steelblue" },
                { "country": "GBR", "latitude": 54.12387156, "longitude": -64.6853892, "deaths": 908371, "color": "steelblue" },
                { "country": "ROU", "latitude": 45.85242939, "longitude": 24.97293286, "deaths": 335706, "color": "steelblue" },
                { "country": "YUG", "latitude": 44.82056, "longitude": 18.361296, "deaths": 70000, "color": "steelblue" },
                { "country": "BGR", "latitude": 42.76889988, "longitude": 25.21552327, "deaths": 87500, "color": "steelblue" },
                { "country": "DEU", "latitude": 51.10697903, "longitude": 10.38577693, "deaths": 1773700, "color": "steelblue" },
                { "country": "BEL", "latitude": 50.63981435, "longitude": 4.64064572, "deaths": 13716, "color": "steelblue" },
                { "country": "RUS", "latitude": 61.98052168, "longitude": 96.68657347, "deaths": 1700000, "color": "steelblue" },
                { "country": "ITA", "latitude": 42.79663568, "longitude": 12.07000946, "deaths": 650000, "color": "steelblue" },
                { "country": "USA", "latitude": 38.895, "longitude": -102.4616706, "deaths": 116516, "color": "steelblue" },
                { "country": "TUR", "latitude": 39.06160342, "longitude": 35.16895529, "deaths": 325000, "color": "steelblue" },
                { "country": "JPN", "latitude": 37.59230065, "longitude": 138.0308921, "deaths": 300, "color": "steelblue" },
                { "country": "FRA", "latitude": 46.18700581, "longitude": 2.53618475, "deaths": 1385000, "color": "steelblue" },
                { "country": "GRC", "latitude": 39.07466973, "longitude": 22.95556207, "deaths": 5000, "color": "steelblue" },
                { "country": "AUT", "latitude": 50.8798, "longitude": 4.70052, "deaths": 1200000, "color": "steelblue" }
            ]
        },
        {
            "war": "Estonian Liberation",
            "color": "red",
            "attributes": [
                { "country": "EST", "latitude": 58.67192416, "longitude": 25.54248555, "deaths": 3600, "color": "red" },
                { "country": "RUS", "latitude": 63.98052168, "longitude": 96.68657347, "deaths": 8000, "color": "red" },
                { "country": "FIN", "latitude": 64.49884844, "longitude": 26.27467024, "deaths": 150, "color": "red" }
            ]
        },
        {
            "war": "Latvian Liberation",
            "color": "green",
            "attributes": [
                { "country": "LVA", "latitude": 56.85085306, "longitude": 24.9123704, "deaths": 3046, "color": "green" },
                { "country": "RUS", "latitude": 65.98052168, "longitude": 96.68657347, "deaths": 8000, "color": "green" },
                { "country": "EST", "latitude": 58.67192416, "longitude": 25.54248555, "deaths": 1000, "color": "green" },
                { "country": "DEU", "latitude": 53.10697903, "longitude": 10.38577693, "deaths": 750, "color": "green" }
            ]
        }
    ],
    "1919": [{
            "war": "Estonian Liberation",
            "color": "steelblue",
            "attributes": [
                { "country": "EST", "latitude": 58.67192416, "longitude": 25.54248555, "deaths": 3600, "color": "steelblue" },
                { "country": "RUS", "latitude": 61.98052168, "longitude": 96.68657347, "deaths": 8000, "color": "steelblue" },
                { "country": "FIN", "latitude": 64.49884844, "longitude": 26.27467024, "deaths": 150, "color": "steelblue" }
            ]
        },
        {
            "war": "Latvian Liberation",
            "color": "green",
            "attributes": [
                { "country": "LVA", "latitude": 56.85085306, "longitude": 24.9123704, "deaths": 3046, "color": "green" },
                { "country": "RUS", "latitude": 65.98052168, "longitude": 96.68657347, "deaths": 8000, "color": "green" },
                { "country": "EST", "latitude": 58.67192416, "longitude": 25.54248555, "deaths": 1000, "color": "green" },
                { "country": "DEU", "latitude": 53.10697903, "longitude": 10.38577693, "deaths": 750, "color": "green" }
            ]
        },
        {
            "war": "Russo-Polish",
            "color": "red",
            "attributes": [
                { "country": "RUS", "latitude": 69.98052168, "longitude": 96.68657347, "deaths": 60000, "color": "red" },
                { "country": "POL", "latitude": 52.12759537, "longitude": 19.39011841, "deaths": 40000, "color": "red" }
            ]
        },
        {
            "war": "Hungarian Adversaries",
            "color": "brown",
            "attributes": [
                { "country": "CZE", "latitude": 50.08804, "longitude": 14.42076, "deaths": 2000, "color": "brown" },
                { "country": "HUN", "latitude": 47.16277712, "longitude": 19.39559381, "deaths": 6000, "color": "brown" },
                { "country": "ROU", "latitude": 45.85242939, "longitude": 24.97293286, "deaths": 3000, "color": "brown" }
            ]
        },
        {
            "war": "Second Greco-Turkish",
            "color": "green",
            "attributes": [
                { "country": "GRC", "latitude": 39.07466973, "longitude": 14.42076, "deaths": 30000, "color": "brown" },
                { "country": "TUR", "latitude": 41.06160342, "longitude": 35.16895529, "deaths": 20000, "color": "brown" }
            ]
        },
        {
            "war": "Franco-Turkish",
            "color": "orange",
            "attributes": [
                { "country": "FRA", "latitude": 46.18700581, "longitude": 2.53618475, "deaths": 5000, "color": "brown" },
                { "country": "TUR", "latitude": 43.06160342, "longitude": 35.16895529, "deaths": 35000, "color": "brown" }
            ]
        }

    ],
    "1920": [{
            "war": "Estonian Liberation",
            "color": "steelblue",
            "attributes": [
                { "country": "EST", "latitude": 58.67192416, "longitude": 25.54248555, "deaths": 3600, "color": "steelblue" },
                { "country": "RUS", "latitude": 61.98052168, "longitude": 96.68657347, "deaths": 8000, "color": "steelblue" },
                { "country": "FIN", "latitude": 64.49884844, "longitude": 26.27467024, "deaths": 150, "color": "steelblue" }
            ]
        },
        {
            "war": "Latvian Liberation",
            "color": "green",
            "attributes": [
                { "country": "LVA", "latitude": 56.85085306, "longitude": 24.9123704, "deaths": 3046, "color": "green" },
                { "country": "RUS", "latitude": 65.98052168, "longitude": 96.68657347, "deaths": 8000, "color": "green" },
                { "country": "EST", "latitude": 58.67192416, "longitude": 25.54248555, "deaths": 1000, "color": "green" },
                { "country": "DEU", "latitude": 53.10697903, "longitude": 10.38577693, "deaths": 750, "color": "green" }
            ]
        },
        {
            "war": "Russo-Polish",
            "color": "red",
            "attributes": [
                { "country": "RUS", "latitude": 69.98052168, "longitude": 96.68657347, "deaths": 60000, "color": "red" },
                { "country": "POL", "latitude": 52.12759537, "longitude": 19.39011841, "deaths": 40000, "color": "red" }
            ]
        },
        {
            "war": "Lithuanian-Polish",
            "color": "orange",
            "attributes": [
                { "country": "LTU", "latitude": 55.32611078, "longitude": 23.88720035, "deaths": 500, "color": "orange" },
                { "country": "POL", "latitude": 54.12759537, "longitude": 19.39011841, "deaths": 500, "color": "orange" }
            ]
        }
    ],
    "1929": [{
        "war": "Manchurian",
        "color": "steelblue",
        "attributes": [
            { "country": "CHN", "latitude": 36.56176801, "longitude": 103.8190739, "deaths": 3000, "color": "steelblue" },
            { "country": "RUS", "latitude": 61.98052168, "longitude": 96.68657347, "deaths": 200, "color": "steelblue" }
        ]

    }],
    "1931": [{
        "war": "Manchurian",
        "color": "steelblue",
        "attributes": [
            { "country": "CHN", "latitude": 36.56176801, "longitude": 103.8190739, "deaths": 50000, "color": "steelblue" },
            { "country": "JPN", "latitude": 37.59230065, "longitude": 138.0308921, "deaths": 10000, "color": "steelblue" }
        ]

    }],
    "1932": [{
        "war": "Manchurian",
        "color": "steelblue",
        "attributes": [
            { "country": "CHN", "latitude": 36.56176801, "longitude": 103.8190739, "deaths": 50000, "color": "steelblue" },
            { "country": "JPN", "latitude": 37.59230065, "longitude": 138.0308921, "deaths": 10000, "color": "steelblue" }
        ]

    }],
    "1933": [{
            "war": "Manchurian",
            "color": "steelblue",
            "attributes": [
                { "country": "CHN", "latitude": 36.56176801, "longitude": 103.8190739, "deaths": 50000, "color": "steelblue" },
                { "country": "JPN", "latitude": 37.59230065, "longitude": 138.0308921, "deaths": 10000, "color": "steelblue" }
            ]

        },
        {
            "war": "Chaco",
            "color": "red",
            "attributes": [
                { "country": "PRY", "latitude": -23.22823896, "longitude": -58.40014084, "deaths": 36000, "color": "red" },
                { "country": "BOL", "latitude": -16.70814536, "longitude": -64.6853892, "deaths": 56661, "color": "red" }
            ]
        }

    ],
    "1934": [{
            "war": "Chaco",
            "color": "red",
            "attributes": [
                { "country": "PRY", "latitude": -23.22823896, "longitude": -58.40014084, "deaths": 36000, "color": "red" },
                { "country": "BOL", "latitude": -16.70814536, "longitude": -64.6853892, "deaths": 56661, "color": "red" }
            ]
        },
        {
            "war": "Saudi-Yemeni",
            "color": "brown",
            "attributes": [
                { "country": "SAU", "latitude": 44.53687041, "longitude": 24.12245467, "deaths": 100, "color": "brown" },
                { "country": "YEM", "latitude": 44.5422, "longitude": 17.3755, "deaths": 2000, "color": "brown" }
            ]
        }
    ],
    "1935": [{
            "war": "Chaco",
            "color": "red",
            "attributes": [
                { "country": "PRY", "latitude": -23.22823896, "longitude": -58.40014084, "deaths": 36000, "color": "red" },
                { "country": "BOL", "latitude": -16.70814536, "longitude": -64.6853892, "deaths": 56661, "color": "red" }
            ]
        },
        {
            "war": "Conquest of Ethiopia",
            "color": "steelblue",
            "attributes": [
                { "country": "ETH", "latitude": 39.6008014, "longitude": -58.40014084, "deaths": 16000, "color": "steelblue" },
                { "country": "ITA", "latitude": 42.79663568, "longitude": 12.07000946, "deaths": 4000, "color": "steelblue" }
            ]
        }


    ],
    "1937": [{
        "war": "Third Sino-Japanese",
        "color": "steelblue",
        "attributes": [
            { "country": "CHN", "latitude": 36.56176801, "longitude": 103.8190739, "deaths": 750000, "color": "steelblue" },
            { "country": "JPN", "latitude": 39.59230065, "longitude": 138.0308921, "deaths": 250000, "color": "steelblue" }
        ]
    }],
    "1938": [{
            "war": "Third Sino-Japanese",
            "color": "steelblue",
            "attributes": [
                { "country": "CHN", "latitude": 36.56176801, "longitude": 103.8190739, "deaths": 750000, "color": "steelblue" },
                { "country": "JPN", "latitude": 39.59230065, "longitude": 138.0308921, "deaths": 250000, "color": "steelblue" }
            ]
        },
        {
            "war": "Changkufeng",
            "color": "red",
            "attributes": [
                { "country": "RUS", "latitude": 47.72182, "longitude": 61.98052168, "deaths": 1200, "color": "red" },
                { "country": "JPN", "latitude": 38.59230065, "longitude": 138.0308921, "deaths": 526, "color": "red" }
            ]
        },
        {
            "war": "Nomonhan",
            "color": "brown",
            "attributes": [
                { "country": "RUS", "latitude": 49.72182, "longitude": 61.98052168, "deaths": 5000, "color": "red" },
                { "country": "MNG", "latitude": 49.72182, "longitude": 61.98052168, "deaths": 5000, "color": "red" },
                { "country": "JPN", "latitude": 39.59230065, "longitude": 138.0308921, "deaths": 20000, "color": "red" }
            ]
        }
    ],
    "1939": [{
            "war": "Third Sino-Japanese",
            "color": "steelblue",
            "attributes": [
                { "country": "CHN", "latitude": 36.56176801, "longitude": 103.8190739, "deaths": 750000, "color": "steelblue" },
                { "country": "JPN", "latitude": 38.59230065, "longitude": 138.0308921, "deaths": 250000, "color": "steelblue" }
            ]
        },
        {
            "war": "Nomonhan",
            "color": "brown",
            "attributes": [
                { "country": "RUS", "latitude": 49.72182, "longitude": 61.98052168, "deaths": 5000, "color": "red" },
                { "country": "MNG", "latitude": 49.72182, "longitude": 61.98052168, "deaths": 5000, "color": "red" },
                { "country": "JPN", "latitude": 39.59230065, "longitude": 138.0308921, "deaths": 20000, "color": "red" }
            ]
        },
        {
            "war": "World War II",
            "color": "green",
            "attributes": [
                { "country": "FRA", "latitude": 52.518553, "longitude": 46.18700581, "deaths": 210824, "color": "green" },
                { "country": "HUN", "latitude": 47.16277712, "longitude": 19.39559381, "deaths": 136000, "color": "green" },
                { "country": "YUG", "latitude": 44.82056, "longitude": 18.361296, "deaths": 305000, "color": "green" },
                { "country": "DEU", "latitude": 51.10697903, "longitude": 10.38577693, "deaths": 3500000, "color": "green" },
                { "country": "AUS", "latitude": -25.73288736, "longitude": 134.4909988, "deaths": 33826, "color": "green" },
                { "country": "NZL", "latitude": -41.81112825, "longitude": 171.4849539, "deaths": 12200, "color": "green" },
                { "country": "GBR", "latitude": 54.12387156, "longitude": -2.86563362, "deaths": 418765, "color": "green" },
                { "country": "POL", "latitude": 52.12759537, "longitude": 19.39011841, "deaths": 320000, "color": "green" },
                { "country": "ZAF", "latitude": -29.0003377, "longitude": 25.08388384, "deaths": 8700, "color": "green" }
            ]
        }
    ],
    "1940": [{
        "war": "Third Sino-Japanese",
        "color": "steelblue",
        "attributes": [
            { "country": "CHN", "latitude": 36.56176801, "longitude": 103.8190739, "deaths": 750000, "color": "steelblue" },
            { "country": "JPN", "latitude": 39.59230065, "longitude": 138.0308921, "deaths": 250000, "color": "steelblue" }
        ]
    }, {
        "war": "World War II",
        "color": "green",
        "attributes": [
            { "country": "FRA", "latitude": 52.518553, "longitude": 46.18700581, "deaths": 210824, "color": "green" },
            { "country": "HUN", "latitude": 47.16277712, "longitude": 19.39559381, "deaths": 136000, "color": "green" },
            { "country": "YUG", "latitude": 44.82056, "longitude": 18.361296, "deaths": 305000, "color": "green" },
            { "country": "DEU", "latitude": 51.10697903, "longitude": 10.38577693, "deaths": 3500000, "color": "green" },
            { "country": "AUS", "latitude": -25.73288736, "longitude": 134.4909988, "deaths": 33826, "color": "green" },
            { "country": "NZL", "latitude": -41.81112825, "longitude": 171.4849539, "deaths": 12200, "color": "green" },
            { "country": "ITA", "latitude": 42.79663568, "longitude": 12.07000946, "deaths": 174500, "color": "green" },
            { "country": "BEL", "latitude": 50.63981435, "longitude": 4.64064572, "deaths": 9600, "color": "green" },
            { "country": "NOR", "latitude": 52.10080804, "longitude": 5.2814735, "deaths": 7900, "color": "green" }
        ]
    }],
    "1941": [{
            "war": "Third Sino-Japanese",
            "color": "steelblue",
            "attributes": [
                { "country": "CHN", "latitude": 36.56176801, "longitude": 103.8190739, "deaths": 750000, "color": "steelblue" },
                { "country": "JPN", "latitude": 39.59230065, "longitude": 138.0308921, "deaths": 250000, "color": "steelblue" }
            ]
        },
        {
            "war": "World War II",
            "color": "green",
            "attributes": [
                { "country": "USA", "latitude": 38.895, "longitude": -102.4616706, "deaths": 405400, "color": "green" },
                { "country": "RUS", "latitude": 61.98052168, "longitude": 96.68657347, "deaths": 7500000, "color": "steelblue" },
                { "country": "FRA", "latitude": 52.518553, "longitude": 46.18700581, "deaths": 210824, "color": "green" },
                { "country": "HUN", "latitude": 47.16277712, "longitude": 19.39559381, "deaths": 136000, "color": "green" },
                { "country": "YUG", "latitude": 44.82056, "longitude": 18.361296, "deaths": 305000, "color": "green" },
                { "country": "DEU", "latitude": 51.10697903, "longitude": 10.38577693, "deaths": 3500000, "color": "green" },
                { "country": "AUS", "latitude": -25.73288736, "longitude": 134.4909988, "deaths": 33826, "color": "green" },
                { "country": "NZL", "latitude": -41.81112825, "longitude": 171.4849539, "deaths": 12200, "color": "green" },
                { "country": "GBR", "latitude": 54.12387156, "longitude": -2.86563362, "deaths": 418765, "color": "green" },
                { "country": "ITA", "latitude": 42.79663568, "longitude": 12.07000946, "deaths": 174500, "color": "green" },
                { "country": "BGR", "latitude": 42.76889988, "longitude": 25.21552327, "deaths": 13716, "color": "green" },
                { "country": "JPN", "latitude": 37.59230065, "longitude": 138.0308921, "deaths": 1740000, "color": "green" },
                { "country": "GBR", "latitude": 54.12387156, "longitude": -2.86563362, "deaths": 418765, "color": "green" },
                { "country": "BEL", "latitude": 50.63981435, "longitude": 4.64064572, "deaths": 13716, "color": "green" },
                { "country": "FIN", "latitude": 64.49884844, "longitude": 26.27467024, "deaths": 13716, "color": "green" }
            ]
        }
    ],
    "1942": [{
            "war": "Third Sino-Japanese",
            "color": "steelblue",
            "attributes": [
                { "country": "CHN", "latitude": 36.56176801, "longitude": 103.8190739, "deaths": 750000, "color": "steelblue" },
                { "country": "JPN", "latitude": 39.59230065, "longitude": 138.0308921, "deaths": 250000, "color": "steelblue" }
            ]
        },
        {
            "war": "World War II",
            "color": "green",
            "attributes": [
                { "country": "USA", "latitude": 38.895, "longitude": -102.4616706, "deaths": 405400, "color": "green" },
                { "country": "RUS", "latitude": 61.98052168, "longitude": 96.68657347, "deaths": 7500000, "color": "green" },
                { "country": "FRA", "latitude": 52.518553, "longitude": 46.18700581, "deaths": 210824, "color": "green" },
                { "country": "HUN", "latitude": 47.16277712, "longitude": 19.39559381, "deaths": 136000, "color": "green" },
                { "country": "YUG", "latitude": 44.82056, "longitude": 18.361296, "deaths": 305000, "color": "green" },
                { "country": "DEU", "latitude": 51.10697903, "longitude": 10.38577693, "deaths": 3500000, "color": "green" },
                { "country": "AUS", "latitude": -25.73288736, "longitude": 134.4909988, "deaths": 33826, "color": "green" },
                { "country": "GBR", "latitude": 54.12387156, "longitude": -2.86563362, "deaths": 418765, "color": "green" },
                { "country": "NZL", "latitude": -41.81112825, "longitude": 171.4849539, "deaths": 12200, "color": "green" },
                { "country": "ITA", "latitude": 42.79663568, "longitude": 12.07000946, "deaths": 174500, "color": "green" },
                { "country": "BGR", "latitude": 42.76889988, "longitude": 25.21552327, "deaths": 13716, "color": "green" },
                { "country": "JPN", "latitude": 37.59230065, "longitude": 138.0308921, "deaths": 1740000, "color": "green" },
                { "country": "GBR", "latitude": 54.12387156, "longitude": -2.86563362, "deaths": 418765, "color": "green" },
                { "country": "BEL", "latitude": 50.63981435, "longitude": 4.64064572, "deaths": 13716, "color": "green" },
                { "country": "FIN", "latitude": 64.49884844, "longitude": 26.27467024, "deaths": 13716, "color": "green" }
            ]
        }
    ],
    "1943": [{
            "war": "Third Sino-Japanese",
            "color": "steelblue",
            "attributes": [
                { "country": "CHN", "latitude": 36.56176801, "longitude": 103.8190739, "deaths": 750000, "color": "steelblue" },
                { "country": "JPN", "latitude": 39.59230065, "longitude": 138.0308921, "deaths": 250000, "color": "steelblue" }
            ]
        },
        {
            "war": "World War II",
            "color": "green",
            "attributes": [
                { "country": "USA", "latitude": 38.895, "longitude": -102.4616706, "deaths": 405400, "color": "green" },
                { "country": "RUS", "latitude": 61.98052168, "longitude": 96.68657347, "deaths": 7500000, "color": "green" },
                { "country": "FRA", "latitude": 52.518553, "longitude": 46.18700581, "deaths": 210824, "color": "green" },
                { "country": "HUN", "latitude": 47.16277712, "longitude": 19.39559381, "deaths": 136000, "color": "green" },
                { "country": "YUG", "latitude": 44.82056, "longitude": 18.361296, "deaths": 305000, "color": "green" },
                { "country": "DEU", "latitude": 51.10697903, "longitude": 10.38577693, "deaths": 3500000, "color": "green" },
                { "country": "AUS", "latitude": -25.73288736, "longitude": 134.4909988, "deaths": 33826, "color": "green" },
                { "country": "NZL", "latitude": -41.81112825, "longitude": 171.4849539, "deaths": 12200, "color": "green" },
                { "country": "GBR", "latitude": 54.12387156, "longitude": -2.86563362, "deaths": 418765, "color": "green" },
                { "country": "ITA", "latitude": 42.79663568, "longitude": 12.07000946, "deaths": 174500, "color": "green" },
                { "country": "BGR", "latitude": 42.76889988, "longitude": 25.21552327, "deaths": 13716, "color": "green" },
                { "country": "JPN", "latitude": 37.59230065, "longitude": 138.0308921, "deaths": 1740000, "color": "green" },
                { "country": "GBR", "latitude": 54.12387156, "longitude": -2.86563362, "deaths": 418765, "color": "green" },
                { "country": "BEL", "latitude": 50.63981435, "longitude": 4.64064572, "deaths": 13716, "color": "green" },
                { "country": "FIN", "latitude": 64.49884844, "longitude": 26.27467024, "deaths": 13716, "color": "green" }
            ]
        }
    ],
    "1944": [{
        "war": "World War II",
        "color": "green",
        "attributes": [
            { "country": "USA", "latitude": 38.895, "longitude": -102.4616706, "deaths": 405400, "color": "green" },
            { "country": "RUS", "latitude": 61.98052168, "longitude": 96.68657347, "deaths": 7500000, "color": "green" },
            { "country": "FRA", "latitude": 52.518553, "longitude": 46.18700581, "deaths": 210824, "color": "green" },
            { "country": "HUN", "latitude": 47.16277712, "longitude": 19.39559381, "deaths": 136000, "color": "green" },
            { "country": "YUG", "latitude": 44.82056, "longitude": 18.361296, "deaths": 305000, "color": "green" },
            { "country": "DEU", "latitude": 51.10697903, "longitude": 10.38577693, "deaths": 3500000, "color": "green" },
            { "country": "AUS", "latitude": -25.73288736, "longitude": 134.4909988, "deaths": 33826, "color": "green" },
            { "country": "GBR", "latitude": 54.12387156, "longitude": -2.86563362, "deaths": 418765, "color": "green" },
            { "country": "NZL", "latitude": -41.81112825, "longitude": 171.4849539, "deaths": 12200, "color": "green" },
            { "country": "ITA", "latitude": 42.79663568, "longitude": 12.07000946, "deaths": 174500, "color": "green" },
            { "country": "BGR", "latitude": 42.76889988, "longitude": 25.21552327, "deaths": 1000, "color": "green" },
            { "country": "JPN", "latitude": 37.59230065, "longitude": 138.0308921, "deaths": 1740000, "color": "green" },
            { "country": "GBR", "latitude": 54.12387156, "longitude": -2.86563362, "deaths": 418765, "color": "green" },
            { "country": "BEL", "latitude": 50.63981435, "longitude": 4.64064572, "deaths": 9600, "color": "green" },
            { "country": "FIN", "latitude": 64.49884844, "longitude": 26.27467024, "deaths": 65000, "color": "green" }
        ]
    }],
    "1945": [{
        "war": "World War II",
        "color": "green",
        "attributes": [
            { "country": "USA", "latitude": 38.895, "longitude": -102.4616706, "deaths": 405400, "color": "green" },
            { "country": "RUS", "latitude": 61.98052168, "longitude": 96.68657347, "deaths": 7500000, "color": "steelblue" },
            { "country": "FRA", "latitude": 52.518553, "longitude": 46.18700581, "deaths": 210824, "color": "green" },
            { "country": "HUN", "latitude": 47.16277712, "longitude": 19.39559381, "deaths": 136000, "color": "green" },
            { "country": "YUG", "latitude": 44.82056, "longitude": 18.361296, "deaths": 305000, "color": "green" },
            { "country": "DEU", "latitude": 51.10697903, "longitude": 10.38577693, "deaths": 3500000, "color": "green" },
            { "country": "AUS", "latitude": -25.73288736, "longitude": 134.4909988, "deaths": 33826, "color": "green" },
            { "country": "NZL", "latitude": -41.81112825, "longitude": 171.4849539, "deaths": 12200, "color": "green" },
            { "country": "GBR", "latitude": 54.12387156, "longitude": -2.86563362, "deaths": 418765, "color": "green" },
            { "country": "ITA", "latitude": 42.79663568, "longitude": 12.07000946, "deaths": 174500, "color": "green" },
            { "country": "BGR", "latitude": 42.76889988, "longitude": 25.21552327, "deaths": 13716, "color": "green" },
            { "country": "JPN", "latitude": 37.59230065, "longitude": 138.0308921, "deaths": 1740000, "color": "green" },
            { "country": "GBR", "latitude": 54.12387156, "longitude": -2.86563362, "deaths": 418765, "color": "green" },
            { "country": "BEL", "latitude": 50.63981435, "longitude": 4.64064572, "deaths": 13716, "color": "green" },
            { "country": "FIN", "latitude": 64.49884844, "longitude": 26.27467024, "deaths": 13716, "color": "green" }
        ]
    }],
    "1947": [{
        "war": "First Kashmir",
        "color": "red",
        "attributes": [
            { "country": "IND", "latitude": 22.88578035, "longitude": 79.61197355, "deaths": 2500, "color": "red" },
            { "country": "PAK", "latitude": 29.94975221, "longitude": 69.33958027, "deaths": 1000, "color": "red" }
        ]
    }],
    "1948": [{
        "war": "Arab-Israeli",
        "color": "red",
        "attributes": [
            { "country": "ISR", "latitude": 31.4611019, "longitude": 35.00444995, "deaths": 3000, "color": "red" },
            { "country": "JOR", "latitude": 31.24579389, "longitude": 36.77137251, "deaths": 6100, "color": "red" },
            { "country": "EGY", "latitude": 29.8618993, "longitude": 26.49593108, "deaths": 2000, "color": "red" },
            { "country": "LEB", "latitude": 33.92306993, "longitude": 35.88016327, "deaths": 500, "color": "red" },
            { "country": "IRQ", "latitude": 33.03970511, "longitude": 43.74353204, "deaths": 500, "color": "red" },
            { "country": "SYR", "latitude": 35.02547248, "longitude": 38.50787939, "deaths": 1000, "color": "red" }
        ]
    }],
    "1950": [{
        "war": "Korean",
        "color": "steelblue",
        "attributes": [
            { "country": "USA", "latitude": 38.895, "longitude": -102.4616706, "deaths": 54487, "color": "steelblue" },
            { "country": "KOR", "latitude": 36.3852463, "longitude": 127.8391693, "deaths": 113248, "color": "steelblue" },
            { "country": "GBR", "latitude": 54.12387156, "longitude": -2.86563362, "deaths": 710, "color": "steelblue" }
        ]
    }],
    "1951": [{
        "war": "Korean",
        "color": "steelblue",
        "attributes": [
            { "country": "BEL", "latitude": 50.63981435, "longitude": 4.64064572, "deaths": 97, "color": "steelblue" },
            { "country": "USA", "latitude": 38.895, "longitude": -102.4616706, "deaths": 54487, "color": "steelblue" },
            { "country": "KOR", "latitude": 36.3852463, "longitude": 127.8391693, "deaths": 113248, "color": "steelblue" },
            { "country": "GBR", "latitude": 54.12387156, "longitude": -2.86563362, "deaths": 710, "color": "steelblue" }
        ]
    }],
    "1954": [{
        "war": "Off-shore Islands",
        "color": "steelblue",
        "attributes": [
            { "country": "CHN", "latitude": 36.56176801, "longitude": 103.8190739, "deaths": 1003, "color": "steelblue" },
            { "country": "TWN", "latitude": 23.75400343, "longitude": 120.9542726, "deaths": 1367, "color": "steelblue" }
        ]
    }],
    "1956": [{
            "war": "Soviet Invasion of Hungary",
            "color": "steelblue",
            "attributes": [
                { "country": "RUS", "latitude": 61.98052168, "longitude": 96.68657347, "deaths": 1500, "color": "steelblue" },
                { "country": "HUN", "latitude": 47.16277712, "longitude": 19.39559381, "deaths": 926, "color": "steelblue" }
            ]
        },
        {
            "war": "Sinai War",
            "color": "red",
            "attributes": [
                { "country": "ISR", "latitude": 31.4611019, "longitude": 35.00444995, "deaths": 189, "color": "red" },
                { "country": "EGY", "latitude": 29.8618993, "longitude": 26.49593108, "deaths": 3000, "color": "red" },
                { "country": "FRA", "latitude": 46.18700581, "longitude": 2.53618475, "deaths": 10, "color": "red" },
                { "country": "GBR", "latitude": 54.12387156, "longitude": -2.86563362, "deaths": 22, "color": "red" }


            ]
        }
    ],
    "1957": [{
        "war": "IfniWar",
        "color": "steelblue",
        "attributes": [
            { "country": "MAR", "latitude": 29.83762793, "longitude": -8.45616045, "deaths": 1000, "color": "steelblue" },
            { "country": "ESP", "latitude": 40.24448626, "longitude": -3.64754874, "deaths": 1200, "color": "steelblue" }
        ]
    }],
    "1958": [{
        "war": "IfniWar",
        "color": "steelblue",
        "attributes": [
            { "country": "MAR", "latitude": 29.83762793, "longitude": -8.45616045, "deaths": 1000, "color": "steelblue" },
            { "country": "FRA", "latitude": 46.18700581, "longitude": 2.53618475, "deaths": 0, "color": "steelblue" },
            { "country": "ESP", "latitude": 40.24448626, "longitude": -3.64754874, "deaths": 1200, "color": "steelblue" }
        ]
    }],
    "1965": [{
            "war": "Vietnam War, Phase 2",
            "color": "steelblue",
            "attributes": [
                { "country": "SVM", "latitude": 10.8230, "longitude": 106.6297, "deaths": 254257, "color": "steelblue" },
                { "country": "KHM", "latitude": 12.72004932, "longitude": 104.9069431, "deaths": 58153, "color": "steelblue" },
                { "country": "PHL", "latitude": 11.77539737, "longitude": 122.8839215, "deaths": 1000, "color": "steelblue" },
                { "country": "USA", "latitude": 38.895, "longitude": -102.4616706, "deaths": 2500, "color": "steelblue" },
                { "country": "AUS", "latitude": -25.73288736, "longitude": 134.4909988, "deaths": 494, "color": "steelblue" },
                { "country": "VNM", "latitude": 16.64601451, "longitude": 106.2991386, "deaths": 700000, "color": "steelblue" },
                { "country": "KOR", "latitude": 36.3852463, "longitude": 127.8391693, "deaths": 4687, "color": "steelblue" },
                { "country": "THA", "latitude": 15.11816347, "longitude": 101.0028835, "deaths": 351, "color": "steelblue" }

            ]
        },
        {
            "war": "Second Kashmir",
            "color": "red",
            "attributes": [
                { "country": "IND", "latitude": 22.88578035, "longitude": 79.61197355, "deaths": 3261, "color": "red" },
                { "country": "PAK", "latitude": 29.94975221, "longitude": 69.33958027, "deaths": 3800, "color": "red" }
            ]
        }
    ],
    "1966": [{
        "war": "Vietnam War, Phase 2",
        "color": "steelblue",
        "attributes": [
            { "country": "SVM", "latitude": 10.8230, "longitude": 106.6297, "deaths": 254257, "color": "steelblue" },
            { "country": "KHM", "latitude": 12.72004932, "longitude": 104.9069431, "deaths": 58153, "color": "steelblue" },
            { "country": "PHL", "latitude": 11.77539737, "longitude": 122.8839215, "deaths": 1000, "color": "steelblue" },
            { "country": "USA", "latitude": 38.895, "longitude": -102.4616706, "deaths": 2500, "color": "steelblue" },
            { "country": "AUS", "latitude": -25.73288736, "longitude": 134.4909988, "deaths": 494, "color": "steelblue" },
            { "country": "VNM", "latitude": 16.64601451, "longitude": 106.2991386, "deaths": 700000, "color": "steelblue" },
            { "country": "KOR", "latitude": 36.3852463, "longitude": 127.8391693, "deaths": 4687, "color": "steelblue" },
            { "country": "THA", "latitude": 15.11816347, "longitude": 101.0028835, "deaths": 351, "color": "steelblue" }

        ]
    }],
    "1967": [{
            "war": "Vietnam War, Phase 2",
            "color": "steelblue",
            "attributes": [
                { "country": "SVM", "latitude": 10.8230, "longitude": 106.6297, "deaths": 254257, "color": "steelblue" },
                { "country": "KHM", "latitude": 12.72004932, "longitude": 104.9069431, "deaths": 58153, "color": "steelblue" },
                { "country": "PHL", "latitude": 11.77539737, "longitude": 122.8839215, "deaths": 1000, "color": "steelblue" },
                { "country": "USA", "latitude": 38.895, "longitude": -102.4616706, "deaths": 2500, "color": "steelblue" },
                { "country": "AUS", "latitude": -25.73288736, "longitude": 134.4909988, "deaths": 494, "color": "steelblue" },
                { "country": "VNM", "latitude": 16.64601451, "longitude": 106.2991386, "deaths": 700000, "color": "steelblue" },
                { "country": "KOR", "latitude": 36.3852463, "longitude": 127.8391693, "deaths": 4687, "color": "steelblue" },
                { "country": "THA", "latitude": 15.11816347, "longitude": 101.0028835, "deaths": 351, "color": "steelblue" }

            ]
        },
        {
            "war": "Six Day War",
            "color": "red",
            "attributes": [
                { "country": "ISR", "latitude": 31.4611019, "longitude": 35.00444995, "deaths": 1000, "color": "red" },
                { "country": "JOR", "latitude": 31.24579389, "longitude": 36.77137251, "deaths": 6100, "color": "red" },
                { "country": "EGY", "latitude": 29.8618993, "longitude": 26.49593108, "deaths": 10000, "color": "red" },
                { "country": "SYR", "latitude": 35.02547248, "longitude": 38.50787939, "deaths": 2500, "color": "red" }
            ]
        }
    ],
    "1968": [{
        "war": "Vietnam War, Phase 2",
        "color": "steelblue",
        "attributes": [
            { "country": "SVM", "latitude": 10.8230, "longitude": 106.6297, "deaths": 254257, "color": "steelblue" },
            { "country": "KHM", "latitude": 12.72004932, "longitude": 104.9069431, "deaths": 58153, "color": "steelblue" },
            { "country": "PHL", "latitude": 11.77539737, "longitude": 122.8839215, "deaths": 1000, "color": "steelblue" },
            { "country": "USA", "latitude": 38.895, "longitude": -102.4616706, "deaths": 2500, "color": "steelblue" },
            { "country": "AUS", "latitude": -25.73288736, "longitude": 134.4909988, "deaths": 494, "color": "steelblue" },
            { "country": "VNM", "latitude": 16.64601451, "longitude": 106.2991386, "deaths": 700000, "color": "steelblue" },
            { "country": "KOR", "latitude": 36.3852463, "longitude": 127.8391693, "deaths": 4687, "color": "steelblue" },
            { "country": "THA", "latitude": 15.11816347, "longitude": 101.0028835, "deaths": 351, "color": "steelblue" }

        ]
    }],
    "1969": [{
            "war": "Vietnam War, Phase 2",
            "color": "steelblue",
            "attributes": [
                { "country": "SVM", "latitude": 10.8230, "longitude": 106.6297, "deaths": 254257, "color": "steelblue" },
                { "country": "KHM", "latitude": 12.72004932, "longitude": 104.9069431, "deaths": 58153, "color": "steelblue" },
                { "country": "PHL", "latitude": 11.77539737, "longitude": 122.8839215, "deaths": 1000, "color": "steelblue" },
                { "country": "USA", "latitude": 38.895, "longitude": -102.4616706, "deaths": 2500, "color": "steelblue" },
                { "country": "AUS", "latitude": -25.73288736, "longitude": 134.4909988, "deaths": 494, "color": "steelblue" },
                { "country": "VNM", "latitude": 16.64601451, "longitude": 106.2991386, "deaths": 700000, "color": "steelblue" },
                { "country": "KOR", "latitude": 36.3852463, "longitude": 127.8391693, "deaths": 4687, "color": "steelblue" },
                { "country": "THA", "latitude": 15.11816347, "longitude": 101.0028835, "deaths": 351, "color": "steelblue" }

            ]
        },
        {
            "war": "War of Attrition",
            "color": "red",
            "attributes": [
                { "country": "ISR", "latitude": 31.4611019, "longitude": 35.00444995, "deaths": 538, "color": "red" },
                { "country": "EGY", "latitude": 29.8618993, "longitude": 26.49593108, "deaths": 1200, "color": "red" }
            ]
        },
        {
            "war": "Football War",
            "color": "red",
            "attributes": [
                { "country": "SLV", "latitude": 13.73944008, "longitude": -88.87164456, "deaths": 700, "color": "red" },
                { "country": "HND", "latitude": 14.82688225, "longitude": -86.61516846, "deaths": 1200, "color": "red" }
            ]
        }
    ],
    "1970": [{
            "war": "Vietnam War, Phase 2",
            "color": "steelblue",
            "attributes": [
                { "country": "SVM", "latitude": 10.8230, "longitude": 106.6297, "deaths": 254257, "color": "steelblue" },
                { "country": "KHM", "latitude": 12.72004932, "longitude": 104.9069431, "deaths": 58153, "color": "steelblue" },
                { "country": "PHL", "latitude": 11.77539737, "longitude": 122.8839215, "deaths": 1000, "color": "steelblue" },
                { "country": "USA", "latitude": 38.895, "longitude": -102.4616706, "deaths": 2500, "color": "steelblue" },
                { "country": "AUS", "latitude": -25.73288736, "longitude": 134.4909988, "deaths": 494, "color": "steelblue" },
                { "country": "VNM", "latitude": 16.64601451, "longitude": 106.2991386, "deaths": 700000, "color": "steelblue" },
                { "country": "KOR", "latitude": 36.3852463, "longitude": 127.8391693, "deaths": 4687, "color": "steelblue" },
                { "country": "THA", "latitude": 15.11816347, "longitude": 101.0028835, "deaths": 351, "color": "steelblue" }

            ]
        },
        {
            "war": "Second Laotian, Phase 2",
            "color": "red",
            "attributes": [
                { "country": "USA", "latitude": 38.895, "longitude": -102.4616706, "deaths": 2500, "color": "red" },
                { "country": "LAO", "latitude": 45.67955203, "longitude": -112.4616706, "deaths": 11250, "color": "red" },
                { "country": "VNM", "latitude": 16.64601451, "longitude": 106.2991386, "deaths": 2250, "color": "red" }

            ]
        },
        {
            "war": "Yom Kippur War",
            "color": "brown",
            "attributes": [
                { "country": "ISR", "latitude": 31.4611019, "longitude": 35.00444995, "deaths": 2838, "color": "brown" },
                { "country": "JOR", "latitude": 31.24579389, "longitude": 36.77137251, "deaths": 23, "color": "brown" },
                { "country": "EGY", "latitude": 29.8618993, "longitude": 26.49593108, "deaths": 7700, "color": "brown" },
                { "country": "SYR", "latitude": 35.02547248, "longitude": 38.50787939, "deaths": 3500, "color": "brown" },
                { "country": "IRQ", "latitude": 33.03970511, "longitude": 43.74353204, "deaths": 278, "color": "brown" }

            ]
        }
    ],
    "1971": [{
        "war": "Vietnam War, Phase 2",
        "color": "steelblue",
        "attributes": [
            { "country": "SVM", "latitude": 10.8230, "longitude": 106.6297, "deaths": 254257, "color": "steelblue" },
            { "country": "KHM", "latitude": 12.72004932, "longitude": 104.9069431, "deaths": 58153, "color": "steelblue" },
            { "country": "PHL", "latitude": 11.77539737, "longitude": 122.8839215, "deaths": 1000, "color": "steelblue" },
            { "country": "USA", "latitude": 38.895, "longitude": -102.4616706, "deaths": 2500, "color": "steelblue" },
            { "country": "AUS", "latitude": -25.73288736, "longitude": 134.4909988, "deaths": 494, "color": "steelblue" },
            { "country": "VNM", "latitude": 16.64601451, "longitude": 106.2991386, "deaths": 700000, "color": "steelblue" },
            { "country": "KOR", "latitude": 36.3852463, "longitude": 127.8391693, "deaths": 4687, "color": "steelblue" },
            { "country": "THA", "latitude": 15.11816347, "longitude": 101.0028835, "deaths": 351, "color": "steelblue" }

        ]
    }],
    "1972": [{
        "war": "Vietnam War, Phase 2",
        "color": "steelblue",
        "attributes": [
            { "country": "SVM", "latitude": 10.8230, "longitude": 106.6297, "deaths": 254257, "color": "steelblue" },
            { "country": "KHM", "latitude": 12.72004932, "longitude": 104.9069431, "deaths": 58153, "color": "steelblue" },
            { "country": "PHL", "latitude": 11.77539737, "longitude": 122.8839215, "deaths": 1000, "color": "steelblue" },
            { "country": "USA", "latitude": 38.895, "longitude": -102.4616706, "deaths": 2500, "color": "steelblue" },
            { "country": "AUS", "latitude": -25.73288736, "longitude": 134.4909988, "deaths": 494, "color": "steelblue" },
            { "country": "VNM", "latitude": 16.64601451, "longitude": 106.2991386, "deaths": 700000, "color": "steelblue" },
            { "country": "KOR", "latitude": 36.3852463, "longitude": 127.8391693, "deaths": 4687, "color": "steelblue" },
            { "country": "THA", "latitude": 15.11816347, "longitude": 101.0028835, "deaths": 351, "color": "steelblue" }

        ]
    }],
    "1973": [{
        "war": "Vietnam War, Phase 2",
        "color": "steelblue",
        "attributes": [
            { "country": "SVM", "latitude": 10.8230, "longitude": 106.6297, "deaths": 254257, "color": "steelblue" },
            { "country": "KHM", "latitude": 12.72004932, "longitude": 104.9069431, "deaths": 58153, "color": "steelblue" },
            { "country": "PHL", "latitude": 11.77539737, "longitude": 122.8839215, "deaths": 1000, "color": "steelblue" },
            { "country": "USA", "latitude": 38.895, "longitude": -102.4616706, "deaths": 2500, "color": "steelblue" },
            { "country": "VNM", "latitude": 16.64601451, "longitude": 106.2991386, "deaths": 700000, "color": "steelblue" },
            { "country": "KOR", "latitude": 36.3852463, "longitude": 127.8391693, "deaths": 4687, "color": "steelblue" },
            { "country": "THA", "latitude": 15.11816347, "longitude": 101.0028835, "deaths": 351, "color": "steelblue" }

        ]
    }],
    "1974": [{
        "war": "Vietnam War, Phase 2",
        "color": "steelblue",
        "attributes": [
            { "country": "SVM", "latitude": 10.8230, "longitude": 106.6297, "deaths": 254257, "color": "steelblue" },
            { "country": "KHM", "latitude": 12.72004932, "longitude": 104.9069431, "deaths": 58153, "color": "steelblue" },
            { "country": "VNM", "latitude": 16.64601451, "longitude": 106.2991386, "deaths": 700000, "color": "steelblue" }

        ]
    }],
    "1975": [{
            "war": "Vietnam War, Phase 2",
            "color": "steelblue",
            "attributes": [
                { "country": "SVM", "latitude": 10.8230, "longitude": 106.6297, "deaths": 254257, "color": "steelblue" },
                { "country": "KHM", "latitude": 12.72004932, "longitude": 104.9069431, "deaths": 58153, "color": "steelblue" },
                { "country": "VNM", "latitude": 16.64601451, "longitude": 106.2991386, "deaths": 700000, "color": "steelblue" }

            ]
        },
        {
            "war": "Turco-Cypriot",
            "color": "brown",
            "attributes": [
                { "country": "TUR", "latitude": 39.06160342, "longitude": 35.16895529, "deaths": 1000, "color": "brown" },
                { "country": "CYP", "latitude": 35.2627605, "longitude": 33.5684401, "deaths": 500, "color": "brown" }

            ]
        },
        {
            "war": "War over Angola",
            "color": "green",
            "attributes": [
                { "country": "COD", "latitude": -2.87746013, "longitude": 23.64395637, "deaths": 100, "color": "green" },
                { "country": "CUB", "latitude": 21.62290023, "longitude": -79.01606913, "deaths": 1500, "color": "green" },
                { "country": "AGO", "latitude": -12.29336112, "longitude": 17.53736149, "deaths": 1500, "color": "green" }

            ]
        }
    ],
    "1976": [{
        "war": "War over Angola",
        "color": "green",
        "attributes": [
            { "country": "COD", "latitude": -2.87746013, "longitude": 23.64395637, "deaths": 100, "color": "green" },
            { "country": "CUB", "latitude": 21.62290023, "longitude": -79.01606913, "deaths": 1500, "color": "green" },
            { "country": "AGO", "latitude": -12.29336112, "longitude": 17.53736149, "deaths": 1500, "color": "green" }

        ]
    }],
    "1977": [{
            "war": "Second Ogaden War, Phase 2",
            "color": "steelblue",
            "attributes": [
                { "country": "SOM", "latitude": 4.75065195, "longitude": 45.70716243, "deaths": 8000, "color": "steelblue" },
                { "country": "CUB", "latitude": 21.62290023, "longitude": -79.01606913, "deaths": 700, "color": "steelblue" },
                { "country": "ETH", "latitude": 8.62278417, "longitude": 39.6008014, "deaths": 1800, "color": "steelblue" }

            ]
        },
        {
            "war": "Vietnamese-Cambodian",
            "color": "green",
            "attributes": [
                { "country": "KHM", "latitude": 12.72004932, "longitude": 104.9069431, "deaths": 5000, "color": "green" },
                { "country": "VNM", "latitude": 16.64601451, "longitude": 106.2991386, "deaths": 3000, "color": "green" }

            ]
        }
    ],
    "1978": [{
        "war": "Ugandian-Tanzanian",
        "color": "steelblue",
        "attributes": [
            { "country": "UGA", "latitude": 1.27469024, "longitude": 32.36907536, "deaths": 1500, "color": "steelblue" },
            { "country": "TZA", "latitude": -6.27565815, "longitude": 34.81310214, "deaths": 1000, "color": "steelblue" },
            { "country": "LBY", "latitude": 27.03094247, "longitude": 18.00865782, "deaths": 500, "color": "steelblue" }

        ]
    }],
    "1991": [{
            "war": "Gulf War",
            "color": "steelblue",
            "attributes": [
                { "country": "USA", "latitude": 38.895, "longitude": -102.4616706, "deaths": 376, "color": "steelblue" },
                { "country": "OMN", "latitude": 20.60515412, "longitude": 56.09165967, "deaths": 0, "color": "steelblue" },
                { "country": "MAR", "latitude": 29.83762793, "longitude": -8.45616045, "deaths": 0, "color": "steelblue" },
                { "country": "GBR", "latitude": 54.12387156, "longitude": -2.86563362, "deaths": 24, "color": "steelblue" },
                { "country": "ARE", "latitude": 23.90527175, "longitude": 54.30015737, "deaths": 6, "color": "steelblue" },
                { "country": "CAN", "latitude": 61.36206827, "longitude": -98.30775723, "deaths": 0, "color": "steelblue" },
                { "country": "SAU", "latitude": 24.12245467, "longitude": 44.53687041, "deaths": 44, "color": "steelblue" },
                { "country": "EGY", "latitude": 26.49593108, "longitude": 29.8618993, "deaths": 0, "color": "steelblue" },
                { "country": "IRQ", "latitude": 33.03970511, "longitude": 33.03970511, "deaths": 40000, "color": "steelblue" }
            ]
        },
        {
            "war": "Bosnian Independence",
            "color": "red",
            "attributes": [
                { "country": "BIH", "latitude": 44.17449912, "longitude": 17.76876588, "deaths": 2850, "color": "red" },
                { "country": "YUG", "latitude": 44.82056, "longitude": 18.361296, "deaths": 1890, "color": "steelblue" },
                { "country": "HRV", "latitude": 45.08047284, "longitude": 16.40413079, "deaths": 500, "color": "steelblue" }
            ]

        }
    ],
    "1993": [{
        "war": "Azeri-Armenian",
        "color": "steelblue",
        "attributes": [
            { "country": "AZE", "latitude": 40.28827674, "longitude": 4.64064572, "deaths": 8500, "color": "steelblue" },
            { "country": "ARM", "latitude": 40.28952206, "longitude": 44.9299343, "deaths": 5500, "color": "steelblue" }
        ]
    }],
    "1995": [{
        "war": "Cenepa Valley",
        "color": "steelblue",
        "attributes": [
            { "country": "ECU", "latitude": -1.42381949, "longitude": -78.75203573, "deaths": 550, "color": "steelblue" },
            { "country": "PER", "latitude": -9.15280281, "longitude": -74.38242889, "deaths": 950, "color": "steelblue" }
        ]
    }],
    "1998": [{
        "war": "Badme Border",
        "color": "steelblue",
        "attributes": [
            { "country": "ETH", "latitude": 8.62278417, "longitude": 39.6008014, "deaths": 70000, "color": "steelblue" },
            { "country": "ERI", "latitude": 15.36186881, "longitude": 38.84615444, "deaths": 50000, "color": "steelblue" }
        ]
    }],
    "1999": [{
            "war": "War for Kosovo",
            "color": "steelblue",
            "attributes": [
                { "country": "USA", "latitude": 38.895, "longitude": -102.4616706, "deaths": 2, "color": "steelblue" },
                { "country": "ITA", "latitude": 42.79663568, "longitude": 12.07000946, "deaths": 2, "color": "steelblue" },
                { "country": "GBR", "latitude": 54.12387156, "longitude": -2.86563362, "deaths": 2, "color": "steelblue" },
                { "country": "DEU", "latitude": 51.10697903, "longitude": 10.38577693, "deaths": 2, "color": "steelblue" },
                { "country": "YUG", "latitude": 44.82056, "longitude": 18.361296, "deaths": 5000, "color": "steelblue" },
                { "country": "NLD", "latitude": 52.10080804, "longitude": 5.2814735, "deaths": 0, "color": "steelblue" },
                { "country": "TUR", "latitude": 39.06160342, "longitude": 35.16895529, "deaths": 0, "color": "steelblue" },
                { "country": "FRA", "latitude": 46.18700581, "longitude": 2.53618475, "deaths": 0, "color": "steelblue" }
            ]
        },
        {
            "war": "Kargil War",
            "color": "steelblue",
            "attributes": [
                { "country": "IND", "latitude": 22.88578035, "longitude": 79.61197355, "deaths": 474, "color": "red" },
                { "country": "PAK", "latitude": 29.94975221, "longitude": 69.33958027, "deaths": 698, "color": "red" }
            ]
        }
    ],
    "2001": [{
        "war": "Invasion of Afghanistan",
        "color": "steelblue",
        "attributes": [
            { "country": "USA", "latitude": 38.895, "longitude": -102.4616706, "deaths": 2, "color": "steelblue" },
            { "country": "AFG", "latitude": 33.83523216, "longitude": 66.00473115, "deaths": 4000, "color": "steelblue" },
            { "country": "AUS", "latitude": -25.73288736, "longitude": 134.4909988, "deaths": 0, "color": "green" },
            { "country": "FRA", "latitude": 46.18700581, "longitude": 2.53618475, "deaths": 0, "color": "steelblue" },
            { "country": "CAN", "latitude": 61.36206827, "longitude": -98.30775723, "deaths": 0, "color": "steelblue" },
            { "country": "GBR", "latitude": 54.12387156, "longitude": -2.86563362, "deaths": 0, "color": "steelblue" }
        ]
    }],
    "2003": [{
        "war": "Invasion of Iraq",
        "color": "steelblue",
        "attributes": [
            { "country": "USA", "latitude": 38.895, "longitude": -102.4616706, "deaths": 140, "color": "steelblue" },
            { "country": "IRQ", "latitude": 33.03970511, "longitude": 43.74353204, "deaths": 7000, "color": "steelblue" },
            { "country": "AUS", "latitude": -25.73288736, "longitude": 134.4909988, "deaths": 0, "color": "green" },
            { "country": "GBR", "latitude": 54.12387156, "longitude": -2.86563362, "deaths": 33, "color": "steelblue" }
        ]
    }],
    "2022": [{
        "war": "Russo-Ukraine",
        "color": "steelblue",
        "attributes": [
            { "country": "RUS", "latitude": 61.98052168, "longitude": 96.68657347, "deaths": 100000, "color": "steelblue" },
            { "country": "UKR", "latitude": 50.4501, "longitude": 30.5234, "deaths": 25000, "color": "steelblue" }
        ]
    }],
    "2023": [{
        "war": "Russo-Ukraine",
        "color": "steelblue",
        "attributes": [
            { "country": "RUS", "latitude": 61.98052168, "longitude": 96.68657347, "deaths": 100000, "color": "steelblue" },
            { "country": "UKR", "latitude": 50.4501, "longitude": 30.5234, "deaths": 25000, "color": "steelblue" }
        ]
    }]
}